user_id,signup_ts,country
U0001,2025-11-06T07:53:23Z,PL
U0002,2025-04-15T05:40:50Z,ES
U0003,2025-03-12T17:07:01Z,CZ
U0004,2025-12-15T23:45:05Z,UK
U0005,2025-06-17T19:27:32Z,PL
U0006,2025-06-06T02:33:27Z,PL
U0007,2025-05-28T16:28:29Z,PL
U0008,2025-04-26T04:35:15Z,NL
U0009,2025-12-14T00:24:33Z,UK
U0010,2025-04-11T19:19:27Z,CZ
U0011,2025-11-20T19:17:46Z,PL
U0012,2025-12-15T15:31:25Z,IT
U0013,2025-09-30T19:11:04Z,SK
U0014,2025-04-05T18:19:43Z,PL
U0015,2025-10-18T07:47:20Z,PL
U0016,2025-08-13T20:35:47Z,PL
U0017,2025-03-15T08:14:09Z,PL
U0018,2025-03-14T13:43:48Z,DE
U0019,2025-04-08T09:18:10Z,DE
U0020,2025-05-26T21:51:13Z,PL
U0021,2025-06-01T08:33:24Z,UK
U0022,2025-09-15T06:15:09Z,PL
U0023,2025-10-22T19:13:16Z,PL
U0024,2025-03-13T07:19:59Z,PL
U0025,2025-10-06T23:10:59Z,DE
U0026,2025-05-19T05:18:04Z,SK
U0027,2025-12-06T01:47:11Z,PL
U0028,2025-11-10T09:21:43Z,DE
U0029,2025-11-30T08:49:21Z,UK
U0030,2025-09-30T15:13:21Z,PL
U0031,2025-08-12T22:12:29Z,UK
U0032,2025-05-27T14:39:19Z,PL
U0033,2025-08-24T10:55:54Z,PL
U0034,2025-10-17T20:21:15Z,ES
U0035,2025-06-19T00:55:31Z,IT
U0036,2026-01-11T08:26:19Z,SK
U0037,2025-03-05T12:34:22Z,PL
U0038,2025-12-22T16:35:50Z,PL
U0039,2026-01-09T22:46:47Z,UK
U0040,2025-05-04T00:07:57Z,DE
U0041,2025-11-29T03:07:50Z,PL
U0042,2025-08-14T03:03:06Z,DE
U0043,2025-07-13T03:21:52Z,PL
U0044,2025-06-18T21:56:55Z,FR
U0045,2025-05-02T09:10:26Z,PL
U0046,2025-05-25T14:52:10Z,UK
U0047,2025-12-24T12:16:51Z,PL
U0048,2025-07-11T17:17:18Z,DE
U0049,2025-04-11T16:40:07Z,DE
U0050,2025-04-08T00:27:14Z,PL
U0051,2025-07-28T13:10:44Z,IT
U0052,2025-04-09T13:27:43Z,CZ
U0053,2025-07-20T09:55:49Z,ES
U0054,2025-07-14T13:53:58Z,FR
U0055,2025-10-23T11:08:04Z,UK
U0056,2025-06-13T17:30:47Z,FR
U0057,2026-01-10T10:58:50Z,PL
U0058,2025-03-19T20:59:14Z,PL
U0059,2025-12-11T09:35:35Z,PL
U0060,2025-08-28T10:09:00Z,PL
U0061,2025-09-27T06:00:29Z,PL
U0062,2025-04-20T11:27:50Z,PL
U0063,2025-07-28T00:11:46Z,SK
U0064,2025-04-02T14:28:15Z,PL
U0065,2025-10-03T09:23:29Z,PL
U0066,2025-06-24T20:37:10Z,DE
U0067,2026-01-19T02:36:42Z,PL
U0068,2025-11-02T03:20:51Z,SK
U0069,2025-10-29T05:01:18Z,PL
U0070,2025-07-21T10:40:57Z,SE
U0071,2025-10-13T05:18:43Z,CZ
U0072,2025-05-16T16:15:34Z,PL
U0073,2025-12-01T15:05:07Z,PL
U0074,2025-03-30T00:18:03Z,SK
U0075,2025-03-20T19:06:51Z,CZ
U0076,2025-11-14T19:25:15Z,CZ
U0077,2025-05-30T12:09:57Z,CZ
U0078,2025-12-28T05:31:09Z,PL
U0079,2025-06-23T09:17:28Z,PL
U0080,2025-04-02T23:42:54Z,PL
U0081,2025-06-01T09:46:05Z,NL
U0082,2025-04-11T05:24:05Z,UK
U0083,2025-07-28T15:01:59Z,PL
U0084,2025-06-18T22:54:06Z,PL
U0085,2025-08-26T02:05:25Z,PL
U0086,2025-11-04T21:00:30Z,PL
U0087,2026-01-20T22:28:21Z,CZ
U0088,2025-07-22T16:28:56Z,UK
U0089,2025-05-05T04:02:45Z,NL
U0090,2025-07-24T18:20:12Z,DE
U0091,2025-07-18T23:21:46Z,PL
U0092,2025-05-23T08:44:49Z,CZ
U0093,2025-11-18T06:29:07Z,CZ
U0094,2025-06-14T16:24:49Z,DE
U0095,2025-11-30T13:26:21Z,CZ
U0096,2025-11-23T11:07:33Z,DE
U0097,2025-11-09T16:07:39Z,DE
U0098,2025-03-30T17:31:10Z,DE
U0099,2025-10-25T13:30:44Z,PL
U0100,2025-11-04T14:25:35Z,PL
U0101,2025-05-08T11:07:40Z,PL
U0102,2025-09-26T10:32:40Z,UK
U0103,2025-12-11T03:57:15Z,PL
U0104,2025-06-06T01:48:11Z,DE
U0105,2025-05-05T11:01:17Z,FR
U0106,2025-08-29T12:34:38Z,PL
U0107,2025-07-28T08:46:51Z,DE
U0108,2025-06-15T20:05:45Z,CZ
U0109,2025-11-06T13:13:48Z,PL
U0110,2025-11-25T06:08:03Z,PL
U0111,2025-10-05T07:08:52Z,PL
U0112,2025-05-27T06:57:42Z,PL
U0113,2025-11-23T21:04:02Z,FR
U0114,2025-07-06T22:32:02Z,SK
U0115,2025-12-26T09:12:05Z,UK
U0116,2025-12-29T08:50:36Z,NL
U0117,2025-03-24T17:22:46Z,SK
U0118,2025-05-30T22:52:57Z,PL
U0119,2026-01-16T03:45:19Z,FR
U0120,2025-03-15T11:11:45Z,DE
U0121,2026-01-09T15:34:14Z,SK
U0122,2025-07-03T12:14:07Z,FR
U0123,2025-08-05T19:07:36Z,PL
U0124,2025-06-14T23:31:33Z,PL
U0125,2025-03-28T16:55:21Z,PL
U0126,2025-05-23T22:30:09Z,DE
U0127,2025-10-09T06:30:04Z,SK
U0128,2025-12-06T19:26:45Z,NL
U0129,2025-07-03T05:00:37Z,PL
U0130,2025-05-24T13:49:22Z,DE
U0131,2025-11-12T13:07:52Z,DE
U0132,2025-09-12T21:10:21Z,PL
U0133,2025-08-03T15:33:23Z,PL
U0134,2025-11-07T15:48:49Z,PL
U0135,2025-08-28T04:48:33Z,ES
U0136,2025-04-27T11:39:35Z,PL
U0137,2025-06-13T20:51:43Z,DE
U0138,2025-04-26T05:26:56Z,CZ
U0139,2025-06-06T18:44:05Z,PL
U0140,2025-12-17T07:48:02Z,IT
U0141,2025-10-07T00:19:48Z,IT
U0142,2025-09-28T07:37:56Z,PL
U0143,2025-06-13T00:55:45Z,DE
U0144,2025-12-18T02:40:24Z,PL
U0145,2025-10-16T00:44:10Z,PL
U0146,2025-08-16T09:17:33Z,PL
U0147,2025-10-15T14:55:15Z,UK
U0148,2025-08-05T02:40:57Z,DE
U0149,2025-07-21T14:03:05Z,PL
U0150,2025-05-27T04:13:03Z,PL
U0151,2025-04-25T17:20:43Z,FR
U0152,2025-09-16T21:07:45Z,PL
U0153,2025-09-10T15:54:03Z,PL
U0154,2025-04-07T07:20:13Z,DE
U0155,2025-12-21T12:24:01Z,SE
U0156,2025-03-21T07:09:23Z,PL
U0157,2025-04-14T14:00:14Z,UK
U0158,2025-05-01T08:35:03Z,CZ
U0159,2025-11-01T16:13:15Z,PL
U0160,2025-05-04T03:08:25Z,CZ
U0161,2026-01-04T14:42:53Z,PL
U0162,2025-11-22T06:32:40Z,UK
U0163,2025-08-13T22:48:57Z,UK
U0164,2025-10-20T14:56:06Z,DE
U0165,2025-03-27T16:07:16Z,PL
U0166,2025-07-30T10:17:28Z,SK
U0167,2025-07-29T04:56:58Z,PL
U0168,2025-10-20T10:04:57Z,PL
U0169,2025-08-31T18:32:28Z,PL
U0170,2025-09-24T11:42:11Z,UK
U0171,2025-06-08T15:20:57Z,UK
U0172,2025-10-03T20:26:20Z,PL
U0173,2025-03-07T11:00:39Z,DE
U0174,2025-11-22T04:42:03Z,PL
U0175,2025-12-07T21:36:51Z,UK
U0176,2025-04-16T11:41:58Z,PL
U0177,2025-11-22T18:00:04Z,UK
U0178,2025-09-27T12:55:34Z,PL
U0179,2025-12-19T14:41:18Z,ES
U0180,2025-06-14T14:59:27Z,PL
U0181,2025-12-26T11:51:33Z,PL
U0182,2025-11-06T22:11:49Z,PL
U0183,2025-07-13T02:39:54Z,FR
U0184,2025-04-15T07:44:29Z,NL
U0185,2025-06-24T23:37:10Z,PL
U0186,2025-08-18T20:18:21Z,UK
U0187,2025-05-03T10:08:13Z,SK
U0188,2025-08-26T05:00:41Z,DE
U0189,2025-03-04T06:14:54Z,DE
U0190,2025-12-08T10:23:08Z,PL
U0191,2025-12-07T11:54:36Z,PL
U0192,2025-06-13T06:57:49Z,FR
U0193,2025-09-13T09:48:02Z,FR
U0194,2025-12-23T22:00:08Z,UK
U0195,2025-05-11T09:09:22Z,PL
U0196,2025-09-16T03:56:10Z,PL
U0197,2025-04-13T07:49:14Z,CZ
U0198,2025-10-31T20:13:12Z,FR
U0199,2025-06-26T21:42:25Z,NL
U0200,2025-11-06T03:26:27Z,CZ
U0201,2025-09-16T03:45:39Z,UK
U0202,2025-10-25T12:00:49Z,PL
U0203,2025-05-19T05:59:09Z,PL
U0204,2025-05-01T08:33:54Z,FR
U0205,2025-07-26T05:07:46Z,UK
U0206,2025-12-24T03:06:56Z,PL
U0207,2025-05-04T17:44:46Z,PL
U0208,2025-09-28T11:22:36Z,UK
U0209,2025-12-30T09:19:29Z,PL
U0210,2025-09-24T23:15:16Z,PL
U0211,2025-03-03T05:19:49Z,DE
U0212,2025-10-21T14:34:05Z,UK
U0213,2025-07-06T21:21:12Z,UK
U0214,2025-09-08T18:08:07Z,PL
U0215,2025-03-10T13:32:11Z,CZ
U0216,2025-04-15T10:40:57Z,PL
U0217,2025-07-21T23:13:33Z,PL
U0218,2026-01-19T23:41:04Z,CZ
U0219,2026-01-10T07:41:10Z,UK
U0220,2025-06-30T10:14:21Z,NL
U0221,2025-06-03T23:51:26Z,UK
U0222,2025-03-25T11:54:06Z,DE
U0223,2025-06-04T13:05:09Z,PL
U0224,2025-10-09T08:08:59Z,PL
U0225,2025-04-02T14:04:08Z,PL
U0226,2025-04-05T06:20:52Z,PL
U0227,2025-12-12T05:52:23Z,IT
U0228,2025-09-07T17:45:33Z,PL
U0229,2026-01-13T21:53:16Z,FR
U0230,2025-03-29T21:06:26Z,UK
U0231,2025-12-23T09:19:33Z,SK
U0232,2025-09-25T21:10:52Z,DE
U0233,2025-12-25T10:05:39Z,DE
U0234,2025-04-20T20:10:22Z,DE
U0235,2025-04-21T20:41:42Z,PL
U0236,2025-11-14T05:19:24Z,CZ
U0237,2025-09-03T13:57:10Z,PL
U0238,2025-10-02T12:32:27Z,PL
U0239,2025-05-06T03:05:41Z,UK
U0240,2025-06-13T22:30:24Z,PL
U0241,2025-09-23T22:16:34Z,ES
U0242,2025-10-24T13:51:54Z,ES
U0243,2025-08-14T07:55:53Z,FR
U0244,2025-05-24T06:06:08Z,PL
U0245,2025-09-28T10:36:13Z,PL
U0246,2025-12-21T07:34:54Z,FR
U0247,2025-12-11T11:27:02Z,DE
U0248,2025-11-25T22:01:56Z,IT
U0249,2025-05-20T02:51:49Z,IT
U0250,2025-12-04T21:09:57Z,NL
